"å�Ÿåˆ› ç®€æ��Nginxé…�ç½®æ–‡ä»¶å�Šå…¶åŠŸèƒ½ç®€ä»‹","27"
"å�Ÿåˆ› PTA ä¹ é¢˜6-8 ç»Ÿè®¡ä¸€è¡Œæ–‡æœ¬çš„å�•è¯�ä¸ªæ•° ï¼ˆ15 åˆ†ï¼‰","1125"
"å�Ÿåˆ› PTA ä¹ é¢˜9-4 æŸ¥æ‰¾ä¹¦ç±� ï¼ˆ20 åˆ†ï¼‰","1577"
"å�Ÿåˆ› PTA ç»ƒä¹ 7-10 æŸ¥æ‰¾æŒ‡å®šå­—ç¬¦ ï¼ˆ15 åˆ†ï¼‰","866"
"å�Ÿåˆ› win10\win7æ€�ä¹ˆæ‰“å¼€debug","1455"
"å�Ÿåˆ› PTA ä¹ é¢˜8-10 è¾“å‡ºå­¦ç”Ÿæˆ�ç»© ï¼ˆ20 åˆ†ï¼‰","1096"
"å�Ÿåˆ› Pythonâ€”Flaskæ¡†æ�¶, æµ…è°ˆflask_sqlalchemyæ•°æ�®åº“æ¨¡å�—","81"
"å�Ÿåˆ› Docker+Git æ�­å»ºFlaské¡¹ç›®å®�éªŒ","69"
"å�Ÿåˆ› pyspideræ¡†æ�¶å®‰è£…ä¸�åº”ç”¨â€”â€”çˆ¬å�–è™šæ‹ŸæœºæŒ–çŸ¿(https://www.xnbwk.com/cpu-pool)","98"
"å�Ÿåˆ› å¦‚ä½•å°†æœ¬åœ°æ–‡ä»¶ä¸Šä¼ åˆ°GitHubä¸Š","58"
"å�Ÿåˆ› pipreqs--ä¸€é”®æŸ¥è¯¢pythoné¡¹ç›®ä¾�èµ–å¹¶ç”Ÿæˆ�requirements.txtæ–‡ä»¶","10"
"å�Ÿåˆ› ä»�é›¶å¼€å§‹æ�­å»ºç¥�ç»�ç½‘ç»œè¯†åˆ«æ‰‹å†™æ•°å­—â€”â€”ç¬¬ä¸€ç¯‡ â€œåˆ�å§‹ç¥�ç»�ç½‘ç»œâ€�","81"
"å�Ÿåˆ› Python-Flaskæ¡†æ�¶ï¼Œflask_loginæ�’ä»¶ï¼Œç™»å…¥ç™»å‡ºï¼Œå®�ç�°è§†å›¾ä¿�æŠ¤","100"
"å�Ÿåˆ› Go--äºŒç»´æ•°ç»„å�»é‡�","47"
"å�Ÿåˆ› CSSå®šä½�æµ�æ�’ç‰ˆ ç›¸å¯¹å®šä½�ä¸�ç»�å¯¹å®šä½�çš„æ··ç”¨","62"
"å�Ÿåˆ› çˆ¬å�–äº¬ä¸œ(www.jd.com)å•†å“�ä¿¡æ�¯, å®�ç�°å�¯è§�å�³å�¯çˆ¬","317"
"å�Ÿåˆ› å¦‚ä½•ç»ƒä¹ æ‰“å­—/ç›²æ‰“(ä½œè€…çš„æ„Ÿæƒ³ä¸�å»ºè®®)","2056"
"å�Ÿåˆ› PTA ä¹ é¢˜3-5 ä¸‰è§’å½¢åˆ¤æ–­","791"
"å�Ÿåˆ› Python-Flaskæ¡†æ�¶,flask_mailæ¨¡å�—çš„åº”ç”¨","63"
"å�Ÿåˆ› Cè¯­è¨€æ•°ç»„è¿�ç®—","150"
"å�Ÿåˆ› dateå¯¹è±¡ arrayæ•°ç»„å¯¹è±¡ mathå¯¹è±¡","54"
"å�Ÿåˆ› Dockeræ�­å»ºæœ¬åœ°ç§�æœ‰ä»“åº“","39"
"å�Ÿåˆ› jså­¦ä¹  DOM EventListener ä»¥å�Š JavaScriptäº‹ä»¶","128"
"è½¬è½½ Cè¯­è¨€è¿�ç®—ç¬¦çš„ä¼˜å…ˆçº§å¤§å…¨","335"
"å�Ÿåˆ› Windowså¦‚ä½•å®‰è£…flaskè™šæ‹Ÿç�¯å¢ƒä»¥å�Šé…�ç½®pycharm","583"
"å�Ÿåˆ› cè¯­è¨€å¾ªç�¯ä¸“é¢˜","75"
"å�Ÿåˆ› PTA ç»ƒä¹ 3-4ç»Ÿè®¡å­—ç¬¦","1229"
"è½¬è½½ å�•å¼•å�·ã€�å�Œå¼•å�·å’Œä¸‰å�Œå¼•å�·çš„åŒºåˆ«","38"
"å�Ÿåˆ› PTA ç»ƒä¹ 7-9 è®¡ç®—å¤©æ•° ï¼ˆ15 åˆ†ï¼‰","355"
"å�Ÿåˆ› Linux(Ubuntu)/Windowså¦‚ä½•ä¸‹è½½é…�ç½®Chromedriver","1014"
"å�Ÿåˆ› cssä¸‰å¦–å�·å­¦ä¹","27"
"å�Ÿåˆ› Alpineï¼Œpipå®‰è£…åŒ…çš„æ—¶å€™å‡ºç�°error: command 'gcc' failed with exit status 1","90"
"å�Ÿåˆ› Python-Flaskæ¡†æ�¶, jinja2æ¨¡æ�¿æ³¨å…¥","118"
"å�Ÿåˆ› 12/16 è€ƒæ ¸é¢˜ç›®æ€»ç»“(1.æ°´ä»™èŠ±æ•° 2.å…”å­�ç¹�è¡� 3.æ�¨è¾‰ä¸‰è§’ 4.æ±‚æœ€å°�å…¬å€�æ•° 5.å¯†ç �)","104"
"å�Ÿåˆ› å›¾ç‰‡è·³è·ƒJavaScriptç®€å�•æ‰§è¡Œ åˆ°æˆ‘è¿™å�˜å¤�æ�‚æ‰§è¡Œä»£ç �","49"
"å�Ÿåˆ› 2019å¹´å¼€æº�å¹´ä¼šï¼Œå¤§å­¦ç”Ÿä½“éªŒå¿ƒå¾—ã€�é™„å›¾ã€‘","1166"
"å�Ÿåˆ› Pythonåˆ¶ä½œCSDNæ•°æ�®ä¸­å¿ƒâ€”â€”CSDNæœºå™¨äººè®¿å®¢","30"
"å�Ÿåˆ› Cè¯­è¨€çš„äºŒç»´æ•°ç»„","70"
"å�Ÿåˆ› Python-Flaskæ¡†æ�¶å¦‚ä½•ä¿�æŠ¤ç”¨æˆ·å¯†ç �? æµ…è°ˆç½‘ç»œå®‰å…¨","62"
"å�Ÿåˆ› PTA ç»ƒä¹ 7-7 çŸ©é˜µè¿�ç®— ï¼ˆ20 åˆ†ï¼‰","621"
"å�Ÿåˆ› Pythonåˆ¶ä½œCSDNæ•°æ�®ä¸­å¿ƒâ€”â€”è®¿å®¢é‡�å�¯è§†åŒ–","164"
"å�Ÿåˆ› pymongo.errors.OperationFailure: not authorized on weibo to execute command","81"
"å�Ÿåˆ› åŒºå�—é“¾å…¥é—¨--å�Ÿæ�¥åˆ©ç”¨Python-flaskæ¡†æ�¶æ�­å»ºä¸€ä¸ªåŒºå�—é“¾æœ�åŠ¡ç«Ÿç„¶å¦‚æ­¤ç®€å�•ï¼�ï¼�ï¼�","143"
"å�Ÿåˆ› é˜¿é‡Œäº‘Ubuntu16.04é€šè¿‡Squidé…�ç½®å®�ç�°ä»£ç�†çˆ¬è™«","480"
"å�Ÿåˆ› PTA ç»ƒä¹ 7-4 æ‰¾å‡ºä¸�æ˜¯ä¸¤ä¸ªæ•°ç»„å…±æœ‰çš„å…ƒç´  ï¼ˆ20 åˆ†ï¼‰","2972"
"å�Ÿåˆ› Pythonåˆ¶ä½œCSDNæ•°æ�®ä¸­å¿ƒâ€”â€”è®°å½•æ¯�ç¯‡æ–‡ç« è®¿å®¢é‡�çš„æ—¥å�˜åŒ–å’Œæ€»å�˜åŒ–","40"
"è½¬è½½ è®©åˆ�å­¦è€…å¤´ç–¼çš„æŒ‡é’ˆ","55"
"å�Ÿåˆ› JavaScriptä»‹ç»� 11æœˆ9å�·","18"
"å�Ÿåˆ› warning: no newline at end of fileæ–‡ä»¶æœ«å°¾æ²¡æœ‰æ�¢è¡Œç¬¦","822"
"å�Ÿåˆ› docker run çš„ -i -t -då�‚æ•°","4540"
"å�Ÿåˆ› py2to3--å°†python2é¡¹ç›®è½¬æˆ�python3é¡¹ç›®","55"
"å�Ÿåˆ› PTA ç»ƒä¹ 4-3 æ±‚ç»™å®šç²¾åº¦çš„ç®€å�•äº¤é”™åº�åˆ—éƒ¨åˆ†å’Œ ï¼ˆ15 åˆ†ï¼‰","1234"
"å�Ÿåˆ› LeetCode--Go and Python3è§£ä¸¤æ•°ä¹‹å’Œ","76"
"å�Ÿåˆ› Linuxç�¯å¢ƒä¸‹è§£å†³æ™®é€šç”¨æˆ·è°ƒç”¨Dockerå‘½ä»¤","92"
"å�Ÿåˆ› æ‰“å­—æ„Ÿæƒ³","72"
"å�Ÿåˆ› PTAæµ™å¤§ç‰ˆã€ŠCè¯­è¨€ç¨‹åº�è®¾è®¡ï¼ˆç¬¬3ç‰ˆï¼‰ã€‹é¢˜ç›®é›† åˆ°2-18","3994"
"å�Ÿåˆ› Go--å…³é”®å­—æ€»ç»“","118"
"å�Ÿåˆ› PTA ä¹ é¢˜9-5 é€šè®¯å½•æ�’åº� ï¼ˆ20 åˆ†ï¼‰","1200"
"å�Ÿåˆ› Cè¯­è¨€ä¹‹æŒ‡é’ˆå’Œå­—ç¬¦ä¸² å­¦ä¹ ç¬”è®°","38"
"å�Ÿåˆ› GitHub ç”¨æˆ·åˆ›å»ºæˆ�åŠŸï¼�ï¼�1","48"
"å�Ÿåˆ› PTA ä¹ é¢˜7-5 æ‰¾é��ç‚¹ ï¼ˆ20 åˆ†ï¼‰","1577"
"å�Ÿåˆ› æ­£æ•´æ•°åˆ†è§£è´¨å› æ•° ä»¥å�Š æ±‚ä¸¤ä¸ªæœ€å°�å…¬å€�æ•°å’Œæœ€å¤§å…¬çº¦æ•°","92"
"å�Ÿåˆ› PTA ç»ƒä¹ 3-8 æŸ¥è¯¢æ°´æ�œä»·æ ¼","1770"
"å�Ÿåˆ› jsè·³è½¬è¯­å�¥ å‡½æ•°è°ƒç”¨ å¼‚å¸¸æ�•è�· ä»¥å�ŠDOMä»‹ç»�","37"
"å�Ÿåˆ› ç½‘ç»œå®‰å…¨å­¦ä¹  å’Œä¸€èˆ¬çŸ¥è¯†æ�Œæ�¡","71"
"å�Ÿåˆ› çˆ¬å�–ä¸­å›½å¤§å­¦æ�’å��","125"
"å�Ÿåˆ› jsäº‹ä»¶å¤„ç�† å†…ç½®å¯¹è±¡ Stringå­—ç¬¦ä¸²å¯¹è±¡","31"
"å�Ÿåˆ› æ‰“å­—ç»ƒä¹ ç¯‡","122"
"å�Ÿåˆ› Cè¯­è¨€æ•°ç»„ä¸�å‡½æ•°ä¸“é¢˜","52"
"å�Ÿåˆ› æ�¡æ�¡å¤§è·¯é€šç½—é©¬ï¼Œè¯¥é€‰å“ªæ�¡è·¯å‘¢ï¼Ÿ","40"
"å�Ÿåˆ› requestsåº“å®�ç�°æ¨¡æ‹Ÿç™»é™†åŠŸèƒ½â€”â€”ä»¥CSDNä¸ºä¾‹","682"
"å�Ÿåˆ› æœºå™¨å­¦ä¹ ç®—æ³•â€”â€”kNNç®—æ³•è§£å†³æµ·ä¼¦çº¦ä¼šé—®é¢˜","558"
"å�Ÿåˆ› æœ�åŠ¡å™¨æ�­å»ºSplashè´Ÿè½½å�‡è¡¡","1989"
"å�Ÿåˆ› Pythonçˆ¬å�–ä»Šæ—¥å¤´æ�¡, è§£å†³å´”å�”ä¹¦ä¸Šçš„é‚£äº›äº‹","86"
"å�Ÿåˆ› Cè¯­è¨€ä¹‹æ�’åº�åŸºç¡€ å¹²è´§ç¯‡â€”â€”å†’æ³¡æ�’åº�ä¸�é€‰æ‹©æ�’åº�","58"
"å�Ÿåˆ› PTA ç»ƒä¹ 7-8 æ–¹é˜µå¾ªç�¯å�³ç§» ï¼ˆ20 åˆ†ï¼‰","256"
"å�Ÿåˆ› æœºå™¨å­¦ä¹ ç®—æ³•â€”â€”kNNç®—æ³•å®�ç�°æ‰‹å†™æ•°å­—è¯†åˆ«","467"
"å�Ÿåˆ› PTA ä¹ é¢˜4-11 å…”å­�ç¹�è¡�é—®é¢˜ ï¼ˆ15 åˆ†ï¼‰","1479"
"å�Ÿåˆ› PTA ä¹ é¢˜7-2 æ±‚ä¸€æ‰¹æ•´æ•°ä¸­å‡ºç�°æœ€å¤šçš„ä¸ªä½�æ•°å­— ï¼ˆ20 åˆ†ï¼‰","1042"
"å�Ÿåˆ› FISCO-BCOSä¹Ÿæœ‰ä¸€ä¸ªPython""åŒºå�—é“¾ç›’å­�""--å�³æ‹†å�³ç”¨çš„åŒºå�—é“¾æ¡†æ�¶","295"
