"原 pyspider框架安装与应用","48"
"原 机器学习算法——kNN算法实现手写数字识别","22"
"原 机器学习算法——kNN算法解决海伦约会问题","61"
"原 requests库实现模拟登陆功能——以CSDN为例","16"
"原 服务器搭建Splash负载均衡","1963"
"原 阿里云Ubuntu16.04通过Squid配置实现代理爬虫","27"
"原 Linux(Ubuntu)/Windows如何下载配置Chromedriver","33"
"原 pymongo.errors.OperationFailure: not authorized on weibo to execute command","12"
"原 Python爬取今日头条, 解决崔叔书上的那些事","47"
"原 Windows如何安装flask虚拟环境以及配置pycharm","24"
"原 从零开始搭建神经网络识别手写数字——第一篇 “初始神经网络”","26"
"原 爬取中国大学排名","94"
"转 单引号、双引号和三双引号的区别","20"
"原 如何将本地文件上传到GitHub上","29"
"转 让初学者头疼的指针","32"
"原 win10\win7怎么打开debug","584"
"原 如何练习打字/盲打(作者的感想与建议)","1355"
"转 C语言运算符的优先级大全","50"
"原 正整数分解质因数 以及 求两个最小公倍数和最大公约数","27"
"原 打字感想","31"
"原 打字练习篇","35"
"原 C语言之指针和字符串 学习笔记","23"
"原 PTA 习题9-5 通讯录排序 （20 分）","409"
"原 PTA 习题7-5 找鞍点 （20 分）","280"
"原 C语言之排序基础 干货篇——冒泡排序与选择排序","38"
"原 warning: no newline at end of file文件末尾没有换行符","318"
"原 GitHub 用户创建成功！！1","32"
"原 PTA 习题7-2 求一批整数中出现最多的个位数字 （20 分）","238"
"原 PTA 习题9-4 查找书籍 （20 分）","313"
"原 PTA 习题8-10 输出学生成绩 （20 分）","399"
"原 12/16 考核题目总结(1.水仙花数 2.兔子繁衍 3.杨辉三角 4.求最小公倍数 5.密码)","85"
"原 PTA 练习7-10 查找指定字符 （15 分）","171"
"原 PTA 练习7-7 矩阵运算 （20 分）","270"
"原 PTA 练习7-8 方阵循环右移 （20 分）","100"
"原 PTA 练习7-9 计算天数 （15 分）","65"
"原 PTA 练习7-4 找出不是两个数组共有的元素 （20 分）","642"
"原 PTA 习题6-8 统计一行文本的单词个数 （15 分）","203"
"原 PTA 习题4-11 兔子繁衍问题 （15 分）","363"
"原 C语言数组运算","41"
"原 C语言数组与函数专题","18"
"原 C语言的二维数组","42"
"原 PTA 练习4-3 求给定精度的简单交错序列部分和 （15 分）","411"
"原 PTA 习题3-5 三角形判断","221"
"原 PTA 练习3-8 查询水果价格","947"
"原 PTA 练习3-4统计字符","383"
"原 c语言循环专题","50"
"原 PTA浙大版《C语言程序设计（第3版）》题目集 到2-18","1567"
"原 图片跳跃JavaScript简单执行 到我这变复杂执行代码","32"
"原 date对象 array数组对象 math对象","35"
"原 js事件处理 内置对象 String字符串对象","23"
"原 js学习 DOM EventListener 以及 JavaScript事件","81"
"原 js跳转语句 函数调用 异常捕获 以及DOM介绍","25"
"原 JavaScript介绍 11月9号","12"
"原 网络安全学习 和一般知识掌握","50"
"原 CSS定位流排版 相对定位与绝对定位的混用","44"
"原 css三妖号学习","15"
